rank,horse_name,horse_number,frame,running_style,finish_time,lane_index
1,ミドリノハヤテ,1,1,逃げ,95.74147779151487,0
2,アカツキスター,3,2,先行,96.32052174595484,1
3,シロガネロンド,6,4,差し,98.92608568855594,2
4,クロノスウィフト,10,6,追込,102.21969280448891,3
5,カゼノブリッツ,14,8,自在,102.23770377431693,4
